protocol,compound_name,family,source_paper,raw_literature_rt_min,parent_literature_rt_min,destination_anchor_s,anchor_scale_factor,normalized_rt_s,predicted_rt_s,pct_deviation,anomaly_probability,true_label,predicted_label,correct
parent-anchor (predicted parent RT),Caffeine,methylxanthine,Ribeiro 2019,4.5,4.5,636.198486328125,2.3562906901041667,636.198486328125,636.198486328125,0.0,0.011997833847999573,GENUINE,GENUINE,True
parent-anchor (predicted parent RT),Caffeine,methylxanthine,Acheampong 2016,7.2,7.2,636.198486328125,1.4726816813151042,636.198486328125,636.198486328125,0.0,0.011997833847999573,GENUINE,GENUINE,True
parent-anchor (predicted parent RT),Caffeine,methylxanthine,Srdjenovic 2008,9.0,9.0,636.198486328125,1.1781453450520833,636.198486328125,636.198486328125,0.0,0.011997833847999573,GENUINE,GENUINE,True
parent-anchor (predicted parent RT),Caffeine,methylxanthine,Scott & Marks 1984,18.0,18.0,636.198486328125,0.5890726725260417,636.198486328125,636.198486328125,0.0,0.011997833847999573,GENUINE,GENUINE,True
parent-anchor (predicted parent RT),Theophylline,methylxanthine,Scott & Marks 1984,9.4,18.0,636.198486328125,0.5890726725260417,332.2369873046875,632.0626831054688,47.436069841628516,0.9999366998672485,ANOMALY,ANOMALY,True
parent-anchor (predicted parent RT),Theophylline,methylxanthine,Srdjenovic 2008,5.8,9.0,636.198486328125,1.1781453450520833,409.994580078125,632.0626831054688,35.13387342158411,0.9999366998672485,ANOMALY,ANOMALY,True
parent-anchor (predicted parent RT),Theobromine,methylxanthine,Scott & Marks 1984,5.4,18.0,636.198486328125,0.5890726725260417,190.8595458984375,570.6019287109375,66.55119159347856,0.9999463558197021,ANOMALY,ANOMALY,True
parent-anchor (predicted parent RT),Theobromine,methylxanthine,Srdjenovic 2008,4.2,9.0,636.198486328125,1.1781453450520833,296.892626953125,570.6019287109375,47.96852025652222,0.9999463558197021,ANOMALY,ANOMALY,True
parent-anchor (predicted parent RT),Paraxanthine,methylxanthine,Scott & Marks 1984,8.0,18.0,636.198486328125,0.5890726725260417,282.7548828125,618.9185180664062,54.314683668559724,0.9999428987503052,ANOMALY,ANOMALY,True
parent-anchor (predicted parent RT),Aspirin,salicylate,Singh 2012,2.6,2.6,663.95703125,4.256134815705129,663.9570312500001,663.95703125,1.7122619743567335e-14,0.013400217518210411,GENUINE,GENUINE,True
parent-anchor (predicted parent RT),Aspirin,salicylate,Musumeci 2021,5.8,5.8,663.95703125,1.907922503591954,663.95703125,663.95703125,0.0,0.013400217518210411,GENUINE,GENUINE,True
parent-anchor (predicted parent RT),Salicylic acid,salicylate,Singh 2012,1.42,2.6,663.95703125,4.256134815705129,362.6226862980769,645.3792114257812,43.81246252153589,0.9999451637268066,ANOMALY,ANOMALY,True
parent-anchor (predicted parent RT),Salicylic acid,salicylate,Musumeci 2021,3.1,5.8,663.95703125,1.907922503591954,354.87358566810343,645.3792114257812,45.01316754778768,0.9999451637268066,ANOMALY,ANOMALY,True
parent-anchor (predicted parent RT),Acetylsalicylsalicylic acid,salicylate,Singh 2012,8.35,2.6,663.95703125,4.256134815705129,2132.3235426682695,791.4203491210938,169.42996159200433,0.9999279975891113,ANOMALY,ANOMALY,True
parent-anchor (predicted parent RT),Salsalate,salicylate,Singh 2012,6.2,2.6,663.95703125,4.256134815705129,1583.2821514423078,748.2582397460938,111.59568546543002,0.9999096393585205,ANOMALY,ANOMALY,True
paper literal 437.1 s caffeine anchor,Caffeine,methylxanthine,Ribeiro 2019,4.5,4.5,437.1,1.618888888888889,437.1,636.198486328125,31.29502672620918,0.9999454021453857,GENUINE,ANOMALY,False
paper literal 437.1 s caffeine anchor,Caffeine,methylxanthine,Acheampong 2016,7.2,7.2,437.1,1.0118055555555556,437.1,636.198486328125,31.29502672620918,0.9999454021453857,GENUINE,ANOMALY,False
paper literal 437.1 s caffeine anchor,Caffeine,methylxanthine,Srdjenovic 2008,9.0,9.0,437.1,0.8094444444444445,437.1,636.198486328125,31.29502672620918,0.9999454021453857,GENUINE,ANOMALY,False
paper literal 437.1 s caffeine anchor,Caffeine,methylxanthine,Scott & Marks 1984,18.0,18.0,437.1,0.40472222222222226,437.1,636.198486328125,31.29502672620918,0.9999454021453857,GENUINE,ANOMALY,False
paper literal 437.1 s caffeine anchor,Theophylline,methylxanthine,Scott & Marks 1984,9.4,18.0,437.1,0.40472222222222226,228.26333333333335,632.0626831054688,63.88596583303679,0.9999366998672485,ANOMALY,ANOMALY,True
paper literal 437.1 s caffeine anchor,Theophylline,methylxanthine,Srdjenovic 2008,5.8,9.0,437.1,0.8094444444444445,281.68666666666667,632.0626831054688,55.43374507055605,0.9999366998672485,ANOMALY,ANOMALY,True
paper literal 437.1 s caffeine anchor,Theobromine,methylxanthine,Scott & Marks 1984,5.4,18.0,437.1,0.40472222222222226,131.13000000000002,570.6019287109375,77.01900512389795,0.9999463558197021,ANOMALY,ANOMALY,True
paper literal 437.1 s caffeine anchor,Theobromine,methylxanthine,Srdjenovic 2008,4.2,9.0,437.1,0.8094444444444445,203.98000000000002,570.6019287109375,64.25178574828571,0.9999463558197021,ANOMALY,ANOMALY,True
paper literal 437.1 s caffeine anchor,Paraxanthine,methylxanthine,Scott & Marks 1984,8.0,18.0,437.1,0.40472222222222226,194.26666666666668,618.9185180664062,68.61191562443717,0.9999428987503052,ANOMALY,ANOMALY,True
paper literal 437.1 s caffeine anchor,Aspirin,salicylate,Singh 2012,2.6,2.6,663.95703125,4.256134815705129,663.9570312500001,663.95703125,1.7122619743567335e-14,0.013400217518210411,GENUINE,GENUINE,True
paper literal 437.1 s caffeine anchor,Aspirin,salicylate,Musumeci 2021,5.8,5.8,663.95703125,1.907922503591954,663.95703125,663.95703125,0.0,0.013400217518210411,GENUINE,GENUINE,True
paper literal 437.1 s caffeine anchor,Salicylic acid,salicylate,Singh 2012,1.42,2.6,663.95703125,4.256134815705129,362.6226862980769,645.3792114257812,43.81246252153589,0.9999451637268066,ANOMALY,ANOMALY,True
paper literal 437.1 s caffeine anchor,Salicylic acid,salicylate,Musumeci 2021,3.1,5.8,663.95703125,1.907922503591954,354.87358566810343,645.3792114257812,45.01316754778768,0.9999451637268066,ANOMALY,ANOMALY,True
paper literal 437.1 s caffeine anchor,Acetylsalicylsalicylic acid,salicylate,Singh 2012,8.35,2.6,663.95703125,4.256134815705129,2132.3235426682695,791.4203491210938,169.42996159200433,0.9999279975891113,ANOMALY,ANOMALY,True
paper literal 437.1 s caffeine anchor,Salsalate,salicylate,Singh 2012,6.2,2.6,663.95703125,4.256134815705129,1583.2821514423078,748.2582397460938,111.59568546543002,0.9999096393585205,ANOMALY,ANOMALY,True
